{
  "accuracy": 0.991,
  "confusion_matrix": [
    [
      400,
      0,
      0,
      0,
      0
    ],
    [
      0,
      382,
      18,
      0,
      0
    ],
    [
      0,
      0,
      400,
      0,
      0
    ],
    [
      0,
      0,
      0,
      400,
      0
    ],
    [
      0,
      0,
      0,
      0,
      400
    ]
  ],
  "report": {
    "0": {
      "precision": 1.0,
      "recall": 1.0,
      "f1-score": 1.0,
      "support": 400.0
    },
    "1": {
      "precision": 1.0,
      "recall": 0.955,
      "f1-score": 0.9769820971867008,
      "support": 400.0
    },
    "2": {
      "precision": 0.9569377990430622,
      "recall": 1.0,
      "f1-score": 0.9779951100244498,
      "support": 400.0
    },
    "3": {
      "precision": 1.0,
      "recall": 1.0,
      "f1-score": 1.0,
      "support": 400.0
    },
    "4": {
      "precision": 1.0,
      "recall": 1.0,
      "f1-score": 1.0,
      "support": 400.0
    },
    "accuracy": 0.991,
    "macro avg": {
      "precision": 0.9913875598086126,
      "recall": 0.991,
      "f1-score": 0.9909954414422302,
      "support": 2000.0
    },
    "weighted avg": {
      "precision": 0.9913875598086124,
      "recall": 0.991,
      "f1-score": 0.9909954414422301,
      "support": 2000.0
    }
  },
  "labels": {
    "0": "Texto plano",
    "1": "Caesar Cipher",
    "2": "ROT13",
    "3": "Base64",
    "4": "XOR"
  },
  "train_size": 8000,
  "test_size": 2000,
  "validation_accuracy": 0.995,
  "selected_model": "mlp",
  "feature_count": 30
}