{
  "accuracy": 0.9645,
  "confusion_matrix": [
    [
      400,
      0,
      0,
      0,
      0
    ],
    [
      0,
      354,
      46,
      0,
      0
    ],
    [
      0,
      25,
      375,
      0,
      0
    ],
    [
      0,
      0,
      0,
      400,
      0
    ],
    [
      0,
      0,
      0,
      0,
      400
    ]
  ],
  "report": {
    "0": {
      "precision": 1.0,
      "recall": 1.0,
      "f1-score": 1.0,
      "support": 400.0
    },
    "1": {
      "precision": 0.9340369393139841,
      "recall": 0.885,
      "f1-score": 0.9088575096277278,
      "support": 400.0
    },
    "2": {
      "precision": 0.8907363420427553,
      "recall": 0.9375,
      "f1-score": 0.9135200974421437,
      "support": 400.0
    },
    "3": {
      "precision": 1.0,
      "recall": 1.0,
      "f1-score": 1.0,
      "support": 400.0
    },
    "4": {
      "precision": 1.0,
      "recall": 1.0,
      "f1-score": 1.0,
      "support": 400.0
    },
    "accuracy": 0.9645,
    "macro avg": {
      "precision": 0.9649546562713478,
      "recall": 0.9644999999999999,
      "f1-score": 0.9644755214139742,
      "support": 2000.0
    },
    "weighted avg": {
      "precision": 0.9649546562713479,
      "recall": 0.9645,
      "f1-score": 0.9644755214139743,
      "support": 2000.0
    }
  },
  "labels": {
    "0": "Texto plano",
    "1": "Caesar Cipher",
    "2": "ROT13",
    "3": "Base64",
    "4": "XOR"
  },
  "train_size": 8000,
  "test_size": 2000,
  "validation_accuracy": 0.973,
  "selected_model": "random_forest",
  "feature_count": 30
}